d_total,epoch,g_cls,g_fm,g_gan,g_l1,g_perc,g_style,g_total,sec,val_FID,val_LPIPS,val_PSNR,val_SSIM,val_g_l1,val_g_perc,val_g_total
1.4702778562771535,117,0.00037430905926544056,0.0,4.165939199713479,0.12200283557506261,13.084286437625378,0.0,40.095113190929446,1034.0,,,,,,,
1.471878058614984,118,0.0017262650900973682,0.0,4.159235775206996,0.12162469179921709,13.07486042881434,0.0,40.04065826508851,113.8,97.2916030883789,0.4416750462507148,16.81824493408203,0.5215121507644653,0.20552037018404992,10.646046066498911,37.733721747721816
1.4648505767757913,119,0.013079126975375466,0.0,4.182640098892482,0.12213116229833228,13.094841805707038,0.0,40.15589584080519,113.3,,,,,,,
1.4745610696552074,120,0.0003265549420519213,0.0,4.134094527073666,0.12074878985738069,13.048281588913065,0.0,39.890887437668525,113.0,95.92120361328125,0.42466047063130175,16.727174758911133,0.5257496237754822,0.2026582744518804,10.645975306374302,37.504612568899034
1.4732075963927582,121,0.00023113717778330356,0.0,4.121299439563161,0.12040038838718845,13.039212667836551,0.0,39.831987009639235,116.2,,,,,,,
1.4748208590049658,122,0.005843364938566115,0.0,4.127433148633062,0.1206938498117755,13.048664964405836,0.0,39.88611447705632,113.4,93.4041748046875,0.4297113365441552,16.698335647583008,0.5256538391113281,0.20453340954220936,10.602863498113875,37.5683997596045
1.476638892714956,123,0.00022476486268296707,0.0,4.110323787790485,0.11994496107398145,13.02123458564809,0.0,39.748614577065524,112.2,,,,,,,
1.4772527228414485,124,0.00022397473025902184,0.0,4.107070609267834,0.11974865865720584,13.02287077165283,0.0,39.73292885628422,112.7,93.46138000488281,0.4294133547524684,16.667373657226562,0.5258937478065491,0.20182878821626904,10.564818497211403,37.275940051724334
1.477952965592916,125,0.011761568338338253,0.0,4.111391025306904,0.11994914768214247,13.012746068756137,0.0,39.744576553327846,113.6,,,,,,,
1.481079468157439,126,0.0002445229782467395,0.0,4.100318377788088,0.11908279851375692,12.99806455542556,0.0,39.62331596517985,113.6,95.56098175048828,0.42454350827161674,16.643985748291016,0.5248832106590271,0.20253118078305357,10.654044443071978,37.510583348788245
1.480150307042409,127,0.00018133706025845182,0.0,4.07338499337171,0.11871019184622353,12.985596397281748,0.0,39.54157442118214,114.5,,,,,,,
1.4801637397139473,128,0.00018525048595877875,0.0,4.075461751591843,0.1185409309408438,12.97308895862208,0.0,39.505099416834064,114.3,94.07874298095703,0.42863927530363316,16.706758499145508,0.5203943252563477,0.20130469013595795,10.696416461313405,37.49720813350345
1.483792162574498,129,0.00017179589949350442,0.0,4.055191351249155,0.1182552049661764,12.968167748071451,0.0,39.452115035690035,113.7,,,,,,,
1.4832013087198797,130,0.00017064501556147515,0.0,4.060392282177917,0.11808819939440067,12.958985502740978,0.0,39.4255899581234,113.4,93.3504638671875,0.4301620563998076,16.667877197265625,0.5183523297309875,0.20185334361877838,10.794681287100374,37.73763006370302
1.4846720193075922,131,0.00014499724076121254,0.0,4.055380711249546,0.1177484030975441,12.948678293059357,0.0,39.37275454217354,112.6,,,,,,,
1.48688188353471,132,0.00013612262673873816,0.0,4.050276110657548,0.11747864764018924,12.929553681242782,0.0,39.30781139947672,113.0,89.47474670410156,0.42712900100410606,16.64824867248535,0.5165973901748657,0.20294957773855898,10.731872015458377,37.69971025000147
1.4892713264026474,133,0.00011947470000096126,0.0,4.034643251284034,0.1172904049549087,12.92893295372482,0.0,39.27586106705455,113.2,,,,,,,
1.4856969962077857,134,9.988039006701613e-05,0.0,4.02256184262512,0.11691487137129349,12.910806383706827,0.0,39.19746416859922,113.1,89.80622863769531,0.42461412510518254,16.702417373657227,0.516822874546051,0.20324953089557565,10.885007656932448,38.02997778551095
1.4877786700968194,135,7.895114048656109e-05,0.0,4.0257863212475735,0.11677446292169326,12.906347775881269,0.0,39.180517941449594,112.4,,,,,,,
1.4900990310495934,136,7.447836904135425e-05,0.0,4.014593852304779,0.116470170710071,12.895051591164243,0.0,39.122385305640975,115.6,91.37992858886719,0.42560240469480815,16.636423110961914,0.5121196508407593,0.20324258185879063,10.881618469643184,38.02264348798962
1.4892340922250158,137,6.302117279409307e-05,0.0,4.005562363208923,0.11623375019701444,12.885105474332793,0.0,39.07453638051464,114.6,,,,,,,
1.4920467563566908,138,5.4038039087194256e-05,0.0,4.0031491779120625,0.11600316870562007,12.875786145176507,0.0,39.035028987226234,113.5,92.7595443725586,0.42941842927937435,16.618391036987305,0.5237563848495483,0.20271555298890592,10.665385749569552,37.54801573825158
1.4927950576607105,139,5.203742632823708e-05,0.0,3.989283656651995,0.11571265484280555,12.866107961245342,0.0,38.97856400076267,115.6,,,,,,,
1.4927478131994736,140,4.072482409202947e-05,0.0,3.9780597531162534,0.11550916564049182,12.855904886152892,0.0,38.930643541623006,113.8,92.38154602050781,0.42628612335956906,16.621315002441406,0.5170005559921265,0.20304028141709943,10.82777738376567,37.898777280899296
1.4934346703565227,141,0.0037101773808883355,0.0,3.979513540732122,0.11541406051214553,12.847206712824054,0.0,38.91076209481839,112.3,,,,,,,
1.4935260295076709,142,7.815906299953968e-05,0.0,3.9707875686936673,0.11510729624898033,12.837646210088138,0.0,38.85474182441171,112.2,93.11924743652344,0.4269097550944345,16.694700241088867,0.5224756002426147,0.20241585374717272,10.704885606493306,37.60303951276043
1.4948805058951926,143,4.0397072721899086e-05,0.0,3.9691589537975007,0.11486424386204608,12.827770392451667,0.0,38.81387961438272,115.2,,,,,,,
1.4943296422736834,144,4.174460582764803e-05,0.0,3.9635982967056003,0.1145471949954476,12.81452190084795,0.0,38.756459400717134,114.0,91.79522705078125,0.43024643994773437,16.667306900024414,0.5231422185897827,0.20323836922544913,10.76839244479768,37.79585442763129
1.4968563488363165,145,3.86499939898474e-05,0.0,3.9478856691744477,0.11443631944403185,12.80821177442517,0.0,38.7192534746322,115.1,,,,,,,
1.4972485340142672,146,5.111470818519592e-05,0.0,3.9415266252724472,0.11424825597653347,12.80140838369859,0.0,38.684254952236614,112.1,90.43315887451172,0.42303295494333776,16.699153900146484,0.5244500637054443,0.2023471607025865,10.699658683293844,37.58709022279461
1.500048155805706,147,3.7829828473318994e-05,0.0,3.9322643876075745,0.11397399472287006,12.785991329007445,0.0,38.62220437969782,111.5,,,,,,,
1.4991874268888372,148,3.655418852525475e-05,0.0,3.9259607491240036,0.11387925771831543,12.784071278255597,0.0,38.60448053452821,115.6,92.81310272216797,0.4261904878622037,16.70600700378418,0.5217306613922119,0.20232671630942853,10.75931851416952,37.704774333093326
1.499333798226002,149,3.488349472790693e-05,0.0,3.9259717846866202,0.11367903051452827,12.77403586417173,0.0,38.56840070792004,115.7,,,,,,,
1.5009991608362283,150,3.040830843744025e-05,0.0,3.909889398159179,0.1133914693646067,12.757554862879019,0.0,38.49634704125666,115.8,92.15443420410156,0.42254316214605214,16.72484588623047,0.5220868587493896,0.20179025014789548,10.831928306554627,37.80707662494089
1.5009171448450174,151,0.00022505566609644256,0.0,3.9062052617030862,0.11341400300276226,12.757789977356396,0.0,38.49513055159982,115.6,,,,,,,
1.5018168942326993,152,3.458645227736076e-05,0.0,3.894935142677442,0.11301601854507375,12.742976959827727,0.0,38.4222051253361,115.4,89.64022064208984,0.4257564819885783,16.703161239624023,0.5234184861183167,0.2022549881084248,10.802079828178718,37.784558705031415
1.5044544184893633,153,2.4543803152257362e-05,0.0,3.898342351997848,0.11282858256646226,12.735464863017597,0.0,38.39558322450756,114.9,,,,,,,
1.5017936993225487,154,2.9832610975852056e-05,0.0,3.8864882013439077,0.11269882826579619,12.723261699212335,0.0,38.34894757144219,113.5,90.18817138671875,0.42868561801979516,16.645709991455078,0.5149115920066833,0.20505520375956623,10.963734735041445,38.33188577084819
1.5040442911924514,155,3.264399360766453e-05,0.0,3.8788654147523696,0.112562211040836,12.724499390716046,0.0,38.332873563850875,113.0,,,,,,,
1.5049843197375272,156,2.466570750801964e-05,0.0,3.876749164499013,0.11236839506577338,12.71522821314567,0.0,38.29670176041865,113.7,91.59124755859375,0.42727187249883947,16.687889099121094,0.5221152305603027,0.20258688264888944,10.82119461992174,37.849339851754635
1.5053954115219876,157,2.4331544023171992e-05,0.0,3.8642947209619845,0.11211506542708494,12.696538455190911,0.0,38.226601235634455,113.3,,,,,,,
1.5074525079895964,158,2.464575412790332e-05,0.0,3.85688236514024,0.11197704183910273,12.69187072737027,0.0,38.198811784254765,112.8,89.86051177978516,0.42748017241308595,16.689849853515625,0.523692786693573,0.20206436623897547,10.789268912109495,37.743687123337025
1.5085070280902153,159,2.3197440381071207e-05,0.0,3.848964379160805,0.11181425524924972,12.685554395734737,0.0,38.16523667563379,113.4,,,,,,,
1.5092224742458984,160,2.1020280180779177e-05,0.0,3.840763413536865,0.11165760974276119,12.672605519801115,0.0,38.118604210625705,114.0,90.77079010009766,0.4260804596884701,16.697582244873047,0.5256423354148865,0.20204609719307162,10.798092482981131,37.75987274140799
1.5094725006977014,161,1.846547279737692e-05,0.0,3.8371032853569607,0.11148235965849815,12.665030805410536,0.0,38.08577206493479,113.4,,,,,,,
1.508525468343127,162,2.2253713908448683e-05,0.0,3.8315207697121445,0.11127797402936009,12.657429938822721,0.0,38.04864080395319,113.0,90.29386138916016,0.4273021073617165,16.646812438964844,0.5197482705116272,0.20330617051543298,10.86571816575383,37.995929972742296
1.5118032485510395,163,1.72095801846116e-05,0.0,3.824398964379741,0.11120016513540681,12.649256640830925,0.0,38.01894260718759,113.4,,,,,,,
1.5112080124363434,164,1.551330386273629e-05,0.0,3.815642861138403,0.11098334298724621,12.643959589236605,0.0,37.982244972634106,113.5,92.65218353271484,0.43003088421647795,16.629297256469727,0.5208353996276855,0.20348582807860172,10.90586421879251,38.090594683873164
1.5128358857030362,165,1.675933104964484e-05,0.0,3.8073391626893947,0.11081132361154376,12.631074666449454,0.0,37.93441098981199,112.5,,,,,,,
1.510893964266355,166,1.663872065533579e-05,0.0,3.8074416676453784,0.11066863335570139,12.62027632398943,0.0,37.90150154164407,112.4,89.77571868896484,0.42627867318159285,16.680574417114258,0.5160486698150635,0.2028839589675111,10.93738709133912,38.10549090007913
1.5127141872602226,167,1.3327193075576716e-05,0.0,3.792069605757705,0.11053640174522864,12.615915953058057,0.0,37.86682690772335,112.5,,,,,,,
1.513529942890184,168,1.2509656690918239e-05,0.0,3.787615127531828,0.11037035718296481,12.610415325755566,0.0,37.83808672744616,112.6,90.72285461425781,0.4269122772113793,16.659889221191406,0.5186355113983154,0.2026520461691221,10.902173580131564,38.016510853792894
1.5120021136461106,169,1.4869908315945515e-05,0.0,3.7810471482509005,0.11022616704447871,12.599191380813059,0.0,37.79753803784868,112.7,,,,,,,
1.5147673351838526,170,1.1684076316588749e-05,0.0,3.7813624038105518,0.11011925642172583,12.594711252018413,0.0,37.7803369391281,112.5,89.8755111694336,0.4276730606430455,16.63295555114746,0.5165306329727173,0.20394082426974514,10.972787407395405,38.26084075637042
1.5158604099950959,171,1.0803704504418161e-05,0.0,3.765533635837842,0.10995935721207509,12.585786416994788,0.0,37.7338656197607,112.3,,,,,,,
1.5160901439664638,172,1.1938953755703648e-05,0.0,3.760760659665133,0.10984343816155354,12.580943705761328,0.0,37.71013501049143,112.6,89.32791900634766,0.4292362093959028,16.590822219848633,0.516390323638916,0.20416522455104733,11.018221722600696,38.36966140928518
1.5162131306344429,173,1.0907930214848138e-05,0.0,3.7553126891102413,0.10969300901896395,12.571827063518288,0.0,37.674418430412764,112.3,,,,,,,
1.5158737698751212,174,9.945338278745128e-06,0.0,3.7549796257398826,0.1095369716990838,12.564457042554839,0.0,37.646861270465685,112.7,91.08350372314453,0.426784714510365,16.62455177307129,0.5176109075546265,0.2035680841492023,10.992647601053006,38.27074193404219
1.5171630842759547,175,1.0292317751234611e-05,0.0,3.7425574327992126,0.10943935659870638,12.55923505325233,0.0,37.61618619682515,112.7,,,,,,,
1.515407263573292,176,1.0002437418541021e-05,0.0,3.741387429754291,0.1093232457451852,12.550771077122308,0.0,37.588799240314856,112.5,92.34297943115234,0.42778313014831404,16.619272232055664,0.5176538228988647,0.2039455658838241,10.945121950761655,38.205889172229234
1.5185727044544388,177,9.641158435724479e-06,0.0,3.728608079979905,0.10920300627275642,12.54560724507391,0.0,37.55607265497731,112.8,,,,,,,
1.5181505363599388,178,1.006952561108412e-05,0.0,3.727967086355243,0.10905693072528966,12.535140821364074,0.0,37.52281317246699,112.4,92.02042388916016,0.4278119827554892,16.6822452545166,0.5216327905654907,0.20268758962414749,10.890714322181946,37.996435814295694
1.5201510495580404,179,8.2786994434036e-06,0.0,3.717926216072741,0.10897767682254841,12.532756283219937,0.0,37.50166114241676,112.3,,,,,,,
1.521222392674041,180,7.985613053351377e-06,0.0,3.7079762871813986,0.10884167266333789,12.523148266615065,0.0,37.46161454335778,112.2,90.4202880859375,0.42713750266807365,16.665687561035156,0.5230071544647217,0.20288566840288844,10.895638813913422,38.02213110005792
1.5192437144243611,181,8.634728404272975e-06,0.0,3.7079510691419113,0.10874675919375984,12.51790910326274,0.0,37.44351850146741,112.9,,,,,,,
1.5205676505523444,182,8.389131223733447e-06,0.0,3.702957044924255,0.10864894298539884,12.50986407974125,0.0,37.41460889630613,112.7,89.89783477783203,0.42708420113899187,16.66108512878418,0.5181688070297241,0.203263758887481,10.946176556761822,38.153453824522124
